Inception,2010-07-22,"Dom Cobb is a skilled thief, the absolute best in the dangerous art of extraction, stealing valuable secrets from deep within the subconscious during the dream state, when the mind is at its most vulnerable. Cobb's rare ability has made him a coveted player in this treacherous new world of corporate espionage, but it has also made him an international fugitive and cost him everything he has ever loved. Now Cobb is being offered a chance at redemption. One last job could give him his life back but only if he can accomplish the impossible, inception. Instead of the perfect heist, Cobb and his team of specialists have to pull off the reverse: their task is not to steal an idea, but to plant one. If they succeed, it could be the perfect crime. But no amount of careful planning or expertise can prepare the team for the dangerous enemy that seems to predict their every move. An enemy that only Cobb could have seen coming.",8.8,https://images-na.ssl-images-amazon.com/images/I/912AErFSBHL._SL1500_.jpg
The Dark Knight,2008-08-14,"Set within a year after the events of Batman Begins (2005), Batman, Lieutenant James Gordon, and new District Attorney Harvey Dent successfully begin to round up the criminals that plague Gotham City, until a mysterious and sadistic criminal mastermind known only as 'The Joker' appears in Gotham, creating a new wave of chaos. Batman's struggle against The Joker becomes deeply personal, forcing him to 'confront everything he believes' and improve his technology to stop him. A love triangle develops between Bruce Wayne, Dent, and Rachel Dawes.",9.0,https://originalvintagemovieposters.com/wp-content/uploads/2020/03/Dark-Knight-70822-scaled.jpg
The Shawshank Redemption,1994-10-14,"Chronicles the experiences of a formerly successful banker as a prisoner in the gloomy jailhouse of Shawshank after being found guilty of a crime he did not commit. The film portrays the man's unique way of dealing with his new, torturous life; along the way he befriends a number of fellow prisoners, most notably a wise long-term inmate named Red. ",9.3,https://images-na.ssl-images-amazon.com/images/S/pv-target-images/9964546b0ba1f6e14a6045e34b341f8ca2a3569752c5afed95b89682fcde1a68._RI_V_TTW_.jpg
Schindler's List,1994-05-21,"Oskar Schindler is a vain and greedy German businessman who becomes an unlikely humanitarian amid the barbaric German Nazi reign when he feels compelled to turn his factory into a refuge for Jews. Based on the true story of Oskar Schindler who managed to save about 1100 Jews from being gassed at the Auschwitz concentration camp, it is a testament to the good in all of us.",8.9,https://images-na.ssl-images-amazon.com/images/I/81sOKdyHzlL._SL1500_.jpg
The Lord of the Rings: The Return of the King,2004-01-22,"The final confrontation between the forces of good and evil fighting for control of the future of Middle-earth. Frodo and Sam reach Mordor in their quest to destroy the One Ring, while Aragorn leads the forces of good against Sauron's evil army at the stone city of Minas Tirith.",8.9,https://flxt.tmsimg.com/assets/p33156_p_v10_ab.jpg
Pulp Fiction,1995-09-29,"Jules Winnfield (Samuel L. Jackson) and Vincent Vega (John Travolta) are two hit men who are out to retrieve a suitcase stolen from their employer, mob boss Marsellus Wallace (Ving Rhames). Wallace has also asked Vincent to take his wife Mia (Uma Thurman) out a few days later when Wallace himself will be out of town. Butch Coolidge (Bruce Willis) is an aging boxer who is paid by Wallace to lose his fight. The lives of these seemingly unrelated people are woven together comprising of a series of funny, bizarre and uncalled-for incidents. ",8.9,http://cdn28.us1.fansshare.com/photograph/pulpfictionart/tumblr-dehkbas-tsr-pulp-fiction-poster-1704355954.jpg
Fight Club,2000-01-13,"A nameless first person narrator (Edward Norton) attends support groups in attempt to subdue his emotional state and relieve his insomniac state. When he meets Marla (Helena Bonham Carter), another fake attendee of support groups, his life seems to become a little more bearable. However when he associates himself with Tyler (Brad Pitt) he is dragged into an underground fight club and soap making scheme. Together the two men spiral out of control and engage in competitive rivalry for love and power.",8.8,https://images-na.ssl-images-amazon.com/images/I/713OBFnCXjL._AC_SL1414_.jpg
Forrest Gump,1994-07-06,"Forrest Gump is a simple man with a low I.Q. but good intentions. He is running through childhood with his best and only friend Jenny. His 'mama' teaches him the ways of life and leaves him to choose his destiny. Forrest joins the army for service in Vietnam, finding new friends called Dan and Bubba, he wins medals, creates a famous shrimp fishing fleet, inspires people to jog, starts a ping-pong craze, creates the smiley, writes bumper stickers and songs, donates to people and meets the president several times. However, this is all irrelevant to Forrest who can only think of his childhood sweetheart Jenny Curran, who has messed up her life. Although in the end all he wants to prove is that anyone can love anyone.",8.8,https://images-na.ssl-images-amazon.com/images/I/718o2FI-a0L._AC_SL1500_.jpg
Star Wars: Episode V - The Empire Strikes Back,1990-07-14,"Luke Skywalker, Han Solo, Princess Leia and Chewbacca face attack by the Imperial forces and its AT-AT walkers on the ice planet Hoth. While Han and Leia escape in the Millennium Falcon, Luke travels to Dagobah in search of Yoda. Only with the Jedi Master's help will Luke survive when the Dark Side of the Force beckons him into the ultimate duel with Darth Vader.",8.7,https://m.media-amazon.com/images/M/MV5BYmU1NDRjNDgtMzhiMi00NjZmLTg5NGItZDNiZjU5NTU4OTE0XkEyXkFqcGdeQXVyNzkwMjQ5NzM@._V1_.jpg
Goodfellas,1990-09-21,"Henry Hill might be a small time gangster, who may have taken part in a robbery with Jimmy Conway and Tommy De Vito, two other gangsters who might have set their sights a bit higher. His two partners could kill off everyone else involved in the robbery, and slowly start to think about climbing up through the hierarchy of the Mob. Henry, however, might be badly affected by his partners' success, but will he consider stooping low enough to bring about the downfall of Jimmy and Tommy?",8.7,https://cdn.shopify.com/s/files/1/1416/8662/products/goodfellas_1990_fr_original_film_art_1200x.jpg?v=1621640061
The Silence of the Lambs,1991-02-14,"F.B.I. trainee Clarice Starling (Jodie Foster) works hard to advance her career, while trying to hide or put behind her West Virginia roots, of which if some knew, would automatically classify her as being backward or white trash. After graduation, she aspires to work in the agency's Behavioral Science Unit under the leadership of Jack Crawford (Scott Glenn). While she is still a trainee, Crawford asks her to question Dr. Hannibal Lecter (Sir Anthony Hopkins), a psychiatrist imprisoned, thus far, for eight years in maximum security isolation for being a serial killer who cannibalized his victims. Clarice is able to figure out the assignment is to pick Lecter's brains to help them solve another serial murder case, that of someone coined by the media as 'Buffalo Bill' (Ted Levine), who has so far killed five victims, all located in the eastern U.S., all young women, who are slightly overweight (especially around the hips), all who were drowned in natural bodies of water, and all who were stripped of large swaths of skin. She also figures that Crawford chose her, as a woman, to be able to trigger some emotional response from Lecter. After speaking to Lecter for the first time, she realizes that everything with him will be a psychological game, with her often having to read between the very cryptic lines he provides. She has to decide how much she will play along, as his request in return for talking to him is to expose herself emotionally to him. The case takes a more dire turn when a sixth victim is discovered, this one from who they are able to retrieve a key piece of evidence, if Lecter is being forthright as to its meaning. A potential seventh victim is high profile Catherine Martin (Brooke Smith), the daughter of Senator Ruth Martin (Diane Baker), which places greater scrutiny on the case as they search for a hopefully still alive Catherine. Who may factor into what happens is Dr. Frederick Chilton (Anthony Heald), the warden at the prison, an opportunist who sees the higher profile with Catherine, meaning a higher profile for himself if he can insert himself successfully into the proceedings.",8.6,https://static.displate.com/857x1200/displate/2019-12-05/d6cfd7cbb636a39b4f3b269f191bb4df_0f12f40ce7ac8196db8186e7b3626784.jpg
Saving Private Ryan,1998-10-09,"Opening with the Allied invasion of Normandy on 6 June 1944, members of the 2nd Ranger Battalion under Cpt. Miller fight ashore to secure a beachhead. Amidst the fighting, two brothers are killed in action. Earlier in New Guinea, a third brother is KIA. Their mother, Mrs. Ryan, is to receive all three of the grave telegrams on the same day. The United States Army Chief of Staff, George C. Marshall, is given an opportunity to alleviate some of her grief when he learns of a fourth brother, Private James Ryan, and decides to send out 8 men (Cpt. Miller and select members from 2nd Rangers) to find him and bring him back home to his mother...",8.6,https://cdn.shopify.com/s/files/1/1416/8662/products/saving_private_ryan_1998_original_film_art_0ceb1005-be46-4b95-b45a-4e0840f746e7_5000x.jpg?v=1614990943
Interstellar,2014-11-06,"Earth's future has been riddled by disasters, famines, and droughts. There is only one way to ensure mankind's survival: Interstellar travel. A newly discovered wormhole in the far reaches of our solar system allows a team of astronauts to go where no man has gone before, a planet that may have the right environment to sustain human life.",8.6,https://images-na.ssl-images-amazon.com/images/I/71LNVGVpWYL._AC_SL1020_.jpg
The Green Mile,2000-04-18,"Death Row guards at a penitentiary, in the 1930's, have a moral dilemma with their job when they discover one of their prisoners, a convicted murderer, has a special gift.",8.6,https://citaty.info/files/posters/2933.jpg
Parasite,2019-07-4,"The Kims - mother and father Chung-sook and Ki-taek, and their young adult offspring, son Ki-woo and daughter Ki-jung - are a poor family living in a shabby and cramped half basement apartment in a busy lower working class commercial district of Seoul. Without even knowing it, they, especially Mr. and Mrs. Kim, literally smell of poverty. Often as a collective, they perpetrate minor scams to get by, and even when they have jobs, they do the minimum work required. Ki-woo is the one who has dreams of getting out of poverty by one day going to university. Despite not having that university education, Ki-woo is chosen by his university student friend Min, who is leaving to go to school, to take over his tutoring job to Park Da-hye, who Min plans to date once he returns to Seoul and she herself is in university. The Parks are a wealthy family who for four years have lived in their modernistic house designed by and the former residence of famed architect Namgoong. While Mr. and Mrs. Park are all about status, Mrs. Park has a flighty, simpleminded mentality and temperament, which Min tells Ki-woo to feel comfortable in lying to her about his education to get the job. In getting the job, Ki-woo further learns that Mrs. Park is looking for an art therapist for the Parks' adolescent son, Da-song, Ki-woo quickly recommending his professional art therapist friend 'Jessica', really Ki-jung who he knows can pull off the scam in being the easiest liar of the four Kims. In Ki-woo also falling for Da-hye, he begins to envision himself in that house, and thus the Kims as a collective start a plan for all the Kims, like Ki-jung using assumed names, to replace existing servants in the Parks' employ in orchestrating reasons for them to be fired. The most difficult to get rid of may be Moon-gwang, the Parks' housekeeper who literally came with the house - she Namgoong's housekeeper when he lived there - and thus knows all the little nooks and crannies of it better than the Parks themselves. The question then becomes how far the Kims can take this scam in their quest to become their version of the Parks.",8.6,https://images-na.ssl-images-amazon.com/images/I/91KArYP03YL._AC_SL1500_.jpg
Back to the Future,1991-12-27,"Marty McFly, a typical American teenager of the Eighties, is accidentally sent back to 1955 in a plutonium-powered DeLorean 'time machine' invented by a slightly mad scientist. During his often hysterical, always amazing trip back in time, Marty must make certain his teenage parents-to-be meet and fall in love - so he can get back to the future.",8.5,https://m.media-amazon.com/images/I/71pwYomGC1L._AC_.jpg
Terminator 2: Judgment Day,1991-12-25,"Over 10 years have passed since the first machine called The Terminator tried to kill Sarah Connor and her unborn son, John. The man who will become the future leader of the human resistance against the Machines is now a healthy young boy. However, another Terminator, called the T-1000, is sent back through time by the supercomputer Skynet. This new Terminator is more advanced and more powerful than its predecessor and its mission is to kill John Connor when he's still a child. However, Sarah and John do not have to face the threat of the T-1000 alone. Another Terminator (identical to the same model that tried and failed to kill Sarah Connor in 1984) is also sent back through time to protect them. Now, the battle for tomorrow has begun.",8.5,https://cdn.shopify.com/s/files/1/1416/8662/products/terminator_2_1991_french_original_film_art_5000x.jpg?v=1568796594
The Prestige,2007-01-18,"In the end of the nineteenth century, in London, Robert Angier, his beloved wife Julia McCullough, and Alfred Borden are friends and assistants of a magician. When Julia accidentally dies during a performance, Robert blames Alfred for her death, and they become enemies. Both become famous and rival magicians, sabotaging the performance of the other on the stage. When Alfred performs a successful trick, Robert becomes obsessed trying to disclose the secret of his competitor with tragic consequences.",8.5,https://images-na.ssl-images-amazon.com/images/I/81w1-z1mdpL._AC_SL1500_.jpg
Alien,1979-05-28,"In the distant future, the crew of the commercial spaceship Nostromo are on their way home when they pick up a distress call from a distant moon. The crew are under obligation to investigate and the spaceship descends on the moon afterwards. After a rough landing, three crew members leave the spaceship to explore the area on the moon. At the same time as they discover a hive colony of some unknown creature, the ship's computer deciphers the message to be a warning, not a distress call. When one of the eggs is disturbed, the crew realizes that they are not alone on the spaceship and they must deal with the consequences.",8.4,https://www.filmonpaper.com/wp-content/uploads/2011/05/Alien_onesheet_studioversion_USA-4.jpg
Joker,2019-10-03,"Arthur Fleck works as a clown and is an aspiring stand-up comic. He has mental health issues, part of which involves uncontrollable laughter. Times are tough and, due to his issues and occupation, Arthur has an even worse time than most. Over time these issues bear down on him, shaping his actions, making him ultimately take on the persona he is more known as...Joker.",8.4,https://www.dhresource.com/0x0/f2/albu/g8/M01/76/FB/rBVaVF2wDFiAd2twAAFyQ6dHNew089.jpg/joker-poster-silk-art-print-new-movie.jpg